Workbook

Sheet Hypothèses
A1: Hypothèses générales
A3: Durée du projet (mois) | B3: 6
A4: Jours ouvrés par mois | B4: 20
A5: Nombre de personnes | B5: 10
A6: TJM (€/jour/personne) | B6: 600
A8: Total personnes-jour (calculé) | B8: =B3*B4*B5
A10: Répartition des personnes-jour par activité
A12: Activité | B12: Total pj | C12: DF pj | D12: DV pj | E12: IF pj | F12: IV pj
A13: Logistique interne | B13: 180 | C13: 120 | D13: 30 | E13: 20 | F13: 10
A14: Opérations | B14: 260 | C14: 170 | D14: 40 | E14: 30 | F14: 20
A15: Logistique externe | B15: 120 | C15: 70 | D15: 20 | E15: 20 | F15: 10
A16: Marketing & vente | B16: 120 | C16: 60 | D16: 30 | E16: 20 | F16: 10
A17: Services | B17: 60 | C17: 30 | D17: 10 | E17: 10 | F17: 10
A18: Infrastructure de l’entreprise | B18: 140 | C18: 60 | D18: 20 | E18: 40 | F18: 20
A19: Gestion des RH | B19: 60 | C19: 30 | D19: 10 | E19: 10 | F19: 10
A20: Développement technologique | B20: 160 | C20: 90 | D20: 30 | E20: 25 | F20: 15
A21: Approvisionnement | B21: 100 | C21: 40 | D21: 20 | E21: 25 | F21: 15
A22: Total | B22: =SUM(B13:B21) | C22: =SUM(C13:C21) | D22: =SUM(D13:D21) | E22: =SUM(E13:E21) | F22: =SUM(F13:F21)

Sheet 1. Logistique interne
A1: Activité 1 : Logistique interne
A3: TJM (€/jour/personne) | B3: =Hypothèses!B6
A4: Personnes-jour DF | B4: =Hypothèses!C13
A5: Personnes-jour DV | B5: =Hypothèses!D13
A6: Personnes-jour IF | B6: =Hypothèses!E13
A7: Personnes-jour IV | B7: =Hypothèses!F13
A9: Type de coût | B9: Personnes-jour | C9: TJM | D9: Coût (€)
A10: DF (direct fixe) | B10: =B4 | C10: =B3 | D10: =B10*C10
A11: DV (direct variable) | B11: =B5 | C11: =B3 | D11: =B11*C11
A12: IF (indirect fixe) | B12: =B6 | C12: =B3 | D12: =B12*C12
A13: IV (indirect variable) | B13: =B7 | C13: =B3 | D13: =B13*C13
C15: Total activité | D15: =SUM(D10:D13)

Sheet 2. Opérations
A1: Activité 2 : Opérations
A3: TJM (€/jour/personne) | B3: =Hypothèses!B6
A4: Personnes-jour DF | B4: =Hypothèses!C14
A5: Personnes-jour DV | B5: =Hypothèses!D14
A6: Personnes-jour IF | B6: =Hypothèses!E14
A7: Personnes-jour IV | B7: =Hypothèses!F14
A9: Type de coût | B9: Personnes-jour | C9: TJM | D9: Coût (€)
A10: DF (direct fixe) | B10: =B4 | C10: =B3 | D10: =B10*C10
A11: DV (direct variable) | B11: =B5 | C11: =B3 | D11: =B11*C11
A12: IF (indirect fixe) | B12: =B6 | C12: =B3 | D12: =B12*C12
A13: IV (indirect variable) | B13: =B7 | C13: =B3 | D13: =B13*C13
C15: Total activité | D15: =SUM(D10:D13)

Sheet 3. Logistique externe
A1: Activité 3 : Logistique externe
A3: TJM (€/jour/personne) | B3: =Hypothèses!B6
A4: Personnes-jour DF | B4: =Hypothèses!C15
A5: Personnes-jour DV | B5: =Hypothèses!D15
A6: Personnes-jour IF | B6: =Hypothèses!E15
A7: Personnes-jour IV | B7: =Hypothèses!F15
A9: Type de coût | B9: Personnes-jour | C9: TJM | D9: Coût (€)
A10: DF (direct fixe) | B10: =B4 | C10: =B3 | D10: =B10*C10
A11: DV (direct variable) | B11: =B5 | C11: =B3 | D11: =B11*C11
A12: IF (indirect fixe) | B12: =B6 | C12: =B3 | D12: =B12*C12
A13: IV (indirect variable) | B13: =B7 | C13: =B3 | D13: =B13*C13
C15: Total activité | D15: =SUM(D10:D13)

Sheet 4. Marketing & vente
A1: Activité 4 : Marketing & vente
A3: TJM (€/jour/personne) | B3: =Hypothèses!B6
A4: Personnes-jour DF | B4: =Hypothèses!C16
A5: Personnes-jour DV | B5: =Hypothèses!D16
A6: Personnes-jour IF | B6: =Hypothèses!E16
A7: Personnes-jour IV | B7: =Hypothèses!F16
A9: Type de coût | B9: Personnes-jour | C9: TJM | D9: Coût (€)
A10: DF (direct fixe) | B10: =B4 | C10: =B3 | D10: =B10*C10
A11: DV (direct variable) | B11: =B5 | C11: =B3 | D11: =B11*C11
A12: IF (indirect fixe) | B12: =B6 | C12: =B3 | D12: =B12*C12
A13: IV (indirect variable) | B13: =B7 | C13: =B3 | D13: =B13*C13
C15: Total activité | D15: =SUM(D10:D13)

Sheet 5. Services
A1: Activité 5 : Services
A3: TJM (€/jour/personne) | B3: =Hypothèses!B6
A4: Personnes-jour DF | B4: =Hypothèses!C17
A5: Personnes-jour DV | B5: =Hypothèses!D17
A6: Personnes-jour IF | B6: =Hypothèses!E17
A7: Personnes-jour IV | B7: =Hypothèses!F17
A9: Type de coût | B9: Personnes-jour | C9: TJM | D9: Coût (€)
A10: DF (direct fixe) | B10: =B4 | C10: =B3 | D10: =B10*C10
A11: DV (direct variable) | B11: =B5 | C11: =B3 | D11: =B11*C11
A12: IF (indirect fixe) | B12: =B6 | C12: =B3 | D12: =B12*C12
A13: IV (indirect variable) | B13: =B7 | C13: =B3 | D13: =B13*C13
C15: Total activité | D15: =SUM(D10:D13)

Sheet 6. Infrastructure de l’entre
A1: Activité 6 : Infrastructure de l’entreprise
A3: TJM (€/jour/personne) | B3: =Hypothèses!B6
A4: Personnes-jour DF | B4: =Hypothèses!C18
A5: Personnes-jour DV | B5: =Hypothèses!D18
A6: Personnes-jour IF | B6: =Hypothèses!E18
A7: Personnes-jour IV | B7: =Hypothèses!F18
A9: Type de coût | B9: Personnes-jour | C9: TJM | D9: Coût (€)
A10: DF (direct fixe) | B10: =B4 | C10: =B3 | D10: =B10*C10
A11: DV (direct variable) | B11: =B5 | C11: =B3 | D11: =B11*C11
A12: IF (indirect fixe) | B12: =B6 | C12: =B3 | D12: =B12*C12
A13: IV (indirect variable) | B13: =B7 | C13: =B3 | D13: =B13*C13
C15: Total activité | D15: =SUM(D10:D13)

Sheet 7. Gestion des RH
A1: Activité 7 : Gestion des RH
A3: TJM (€/jour/personne) | B3: =Hypothèses!B6
A4: Personnes-jour DF | B4: =Hypothèses!C19
A5: Personnes-jour DV | B5: =Hypothèses!D19
A6: Personnes-jour IF | B6: =Hypothèses!E19
A7: Personnes-jour IV | B7: =Hypothèses!F19
A9: Type de coût | B9: Personnes-jour | C9: TJM | D9: Coût (€)
A10: DF (direct fixe) | B10: =B4 | C10: =B3 | D10: =B10*C10
A11: DV (direct variable) | B11: =B5 | C11: =B3 | D11: =B11*C11
A12: IF (indirect fixe) | B12: =B6 | C12: =B3 | D12: =B12*C12
A13: IV (indirect variable) | B13: =B7 | C13: =B3 | D13: =B13*C13
C15: Total activité | D15: =SUM(D10:D13)

Sheet 8. Développement technologiq
A1: Activité 8 : Développement technologique
A3: TJM (€/jour/personne) | B3: =Hypothèses!B6
A4: Personnes-jour DF | B4: =Hypothèses!C20
A5: Personnes-jour DV | B5: =Hypothèses!D20
A6: Personnes-jour IF | B6: =Hypothèses!E20
A7: Personnes-jour IV | B7: =Hypothèses!F20
A9: Type de coût | B9: Personnes-jour | C9: TJM | D9: Coût (€)
A10: DF (direct fixe) | B10: =B4 | C10: =B3 | D10: =B10*C10
A11: DV (direct variable) | B11: =B5 | C11: =B3 | D11: =B11*C11
A12: IF (indirect fixe) | B12: =B6 | C12: =B3 | D12: =B12*C12
A13: IV (indirect variable) | B13: =B7 | C13: =B3 | D13: =B13*C13
C15: Total activité | D15: =SUM(D10:D13)

Sheet 9. Approvisionnement
A1: Activité 9 : Approvisionnement
A3: TJM (€/jour/personne) | B3: =Hypothèses!B6
A4: Personnes-jour DF | B4: =Hypothèses!C21
A5: Personnes-jour DV | B5: =Hypothèses!D21
A6: Personnes-jour IF | B6: =Hypothèses!E21
A7: Personnes-jour IV | B7: =Hypothèses!F21
A9: Type de coût | B9: Personnes-jour | C9: TJM | D9: Coût (€)
A10: DF (direct fixe) | B10: =B4 | C10: =B3 | D10: =B10*C10
A11: DV (direct variable) | B11: =B5 | C11: =B3 | D11: =B11*C11
A12: IF (indirect fixe) | B12: =B6 | C12: =B3 | D12: =B12*C12
A13: IV (indirect variable) | B13: =B7 | C13: =B3 | D13: =B13*C13
C15: Total activité | D15: =SUM(D10:D13)

Sheet Synthèse
A1: Synthèse des coûts par activité (Porter)
A3: Activité de Porter | B3: DF (€) | C3: DV (€) | D3: IF (€) | E3: IV (€) | F3: Total (€)
A4: Logistique interne | B4: ='1. Logistique interne'!D10 | C4: ='1. Logistique interne'!D11 | D4: ='1. Logistique interne'!D12 | E4: ='1. Logistique interne'!D13 | F4: ='1. Logistique interne'!D15
A5: Opérations | B5: ='2. Opérations'!D10 | C5: ='2. Opérations'!D11 | D5: ='2. Opérations'!D12 | E5: ='2. Opérations'!D13 | F5: ='2. Opérations'!D15
A6: Logistique externe | B6: ='3. Logistique externe'!D10 | C6: ='3. Logistique externe'!D11 | D6: ='3. Logistique externe'!D12 | E6: ='3. Logistique externe'!D13 | F6: ='3. Logistique externe'!D15
A7: Marketing & vente | B7: ='4. Marketing & vente'!D10 | C7: ='4. Marketing & vente'!D11 | D7: ='4. Marketing & vente'!D12 | E7: ='4. Marketing & vente'!D13 | F7: ='4. Marketing & vente'!D15
A8: Services | B8: ='5. Services'!D10 | C8: ='5. Services'!D11 | D8: ='5. Services'!D12 | E8: ='5. Services'!D13 | F8: ='5. Services'!D15
A9: Infrastructure de l’entreprise | B9: ='6. Infrastructure de l’entre'!D10 | C9: ='6. Infrastructure de l’entre'!D11 | D9: ='6. Infrastructure de l’entre'!D12 | E9: ='6. Infrastructure de l’entre'!D13 | F9: ='6. Infrastructure de l’entre'!D15
A10: Gestion des RH | B10: ='7. Gestion des RH'!D10 | C10: ='7. Gestion des RH'!D11 | D10: ='7. Gestion des RH'!D12 | E10: ='7. Gestion des RH'!D13 | F10: ='7. Gestion des RH'!D15
A11: Développement technologique | B11: ='8. Développement technologiq'!D10 | C11: ='8. Développement technologiq'!D11 | D11: ='8. Développement technologiq'!D12 | E11: ='8. Développement technologiq'!D13 | F11: ='8. Développement technologiq'!D15
A12: Approvisionnement | B12: ='9. Approvisionnement'!D10 | C12: ='9. Approvisionnement'!D11 | D12: ='9. Approvisionnement'!D12 | E12: ='9. Approvisionnement'!D13 | F12: ='9. Approvisionnement'!D15
A13: Total | B13: =SUM(B4:B12) | C13: =SUM(C4:C12) | D13: =SUM(D4:D12) | E13: =SUM(E4:E12) | F13: =SUM(F4:F12)
